client_id,ont_id,name,phone,service_id,city,area,address,type,sip
22000,7701234567,Dahi Nemutlu,7701234567,,,,,,
22001,7700000001,Test Client 1,7700000001,,,,,,
22002,7700000002,Test Client 2,7700000002,,,,,,
22003,7700000003,Test Client 3,7700000003,,,,,,
22004,7700000004,Test Client 4,7700000004,,,,,,
22005,7700000005,Test Client 5,7700000005,,,,,,
22006,7700000006,Test Client 6,7700000006,,,,,,
22007,7700000007,Test Client 7,7700000007,,,,,,
22008,7700000008,Test Client 8,7700000008,,,,,,
22009,7700000009,Test Client 9,7700000009,,,,,,
22010,7700000010,Test Client 10,7700000010,,,,,,
22011,7700000011,Test Client 11,7700000011,,,,,,
22012,7700000012,Test Client 12,7700000012,,,,,,
22013,7700000013,Test Client 13,7700000013,,,,,,
22014,7700000014,Test Client 14,7700000014,,,,,,
22015,7700000015,Test Client 15,7700000015,,,,,,
22016,7700000016,Test Client 16,7700000016,,,,,,
22017,7700000017,Test Client 17,7700000017,,,,,,
22018,7700000018,Test Client 18,7700000018,,,,,,
22019,7700000019,Test Client 19,7700000019,,,,,,
22020,7700000020,Test Client 20,7700000020,,,,,,
22021,7700000021,Test Client 21,7700000021,,,,,,
22022,7700000022,Test Client 22,7700000022,,,,,,
22023,7700000023,Test Client 23,7700000023,,,,,,
22024,7700000024,Test Client 24,7700000024,,,,,,
22025,7700000025,Test Client 25,7700000025,,,,,,
22026,7700000026,Test Client 26,7700000026,,,,,,
22027,7700000027,Test Client 27,7700000027,,,,,,
